model,train,aug,primevul_f1,primevul_p,primevul_r,megavul_f1,megavul_p,megavul_r,icvul_f1,icvul_p,icvul_r,titanvul_f1,titanvul_p,titanvul_r
linevul,primevul,noaug,13.90,13.58,14.23,8.39,11.42,6.63,3.73,6.13,2.68,5.04,48.97,2.66
linevul,primevul,vulgen,10.25,13.67,8.20,5.84,10.20,4.09,4.93,31.03,2.68,6.53,52.14,3.48
linevul,primevul,vgx,10.09,13.49,8.06,5.72,12.69,3.69,4.92,30.34,2.68,5.57,47.33,2.96
linevul,primevul,gvi,13.25,13.58,12.93,11.08,11.43,10.75,9.00,30.69,5.27,11.64,49.92,6.59
linevul,primevul,vulscriber,15.55,13.58,18.19,11.14,11.43,10.86,4.79,22.52,2.68,6.89,50.60,3.70
linevul,primevul,tool,18.47,13.58,28.86,12.97,11.44,14.98,6.23,30.69,3.47,9.13,50.06,5.02
linevul,megavul,noaug,8.87,5.57,21.71,4.13,42.93,2.17,5.45,41.40,2.92,10.04,48.02,5.61
linevul,megavul,vulgen,16.21,13.34,20.65,8.85,43.08,4.93,10.64,41.44,6.10,17.62,48.34,10.77
linevul,megavul,vgx,12.90,8.96,23.00,9.29,43.11,5.21,10.26,41.44,5.85,19.18,48.13,11.98
linevul,megavul,gvi,10.54,6.95,21.81,9.87,43.16,5.57,10.95,41.45,6.31,20.03,48.12,12.65
linevul,megavul,vulscriber,18.04,15.79,21.04,8.50,43.06,4.72,8.40,41.42,4.67,17.35,48.15,10.58
linevul,megavul,tool,20.00,17.95,22.58,11.45,43.39,6.60,11.41,41.46,6.62,23.22,47.55,15.36
linevul,icvul,noaug,1.98,1.14,7.34,4.00,2.58,8.88,15.29,50.00,9.02,18.66,58.38,11.11
linevul,icvul,vulgen,1.08,0.61,4.64,2.24,1.40,5.61,11.22,41.57,6.48,12.54,51.96,7.13
linevul,icvul,vgx,0.87,0.50,3.29,2.04,1.31,4.53,8.63,43.22,4.79,12.02,53.39,6.77
linevul,icvul,gvi,2.16,1.29,6.55,4.66,3.21,8.50,32.74,43.79,26.14,36.60,53.42,27.84
linevul,icvul,vulscriber,3.03,1.82,9.13,5.01,3.32,10.14,15.83,39.92,9.87,21.38,50.13,13.59
linevul,icvul,tool,3.32,2.15,7.30,5.52,4.08,8.52,28.15,43.82,20.74,33.37,53.39,24.27
linevul,titanvul,noaug,3.27,1.66,100.00,7.27,4.03,36.84,45.72,41.75,50.52,51.04,54.55,47.95
linevul,titanvul,vulgen,2.99,1.57,30.63,6.12,3.38,32.20,37.73,40.97,34.96,40.59,54.43,32.37
linevul,titanvul,vgx,2.87,1.51,29.73,6.07,3.34,33.45,37.71,40.92,34.96,41.13,55.24,32.76
linevul,titanvul,gvi,3.39,1.78,34.50,7.47,4.16,36.68,47.46,41.69,55.08,55.50,54.61,56.42
linevul,titanvul,vulscriber,3.48,1.82,39.79,6.82,3.72,41.41,41.82,42.59,41.07,48.22,54.37,43.32
linevul,titanvul,tool,3.78,2.00,34.58,7.67,4.28,36.55,49.08,41.66,59.72,59.97,54.63,66.46
qwen,primevul,noaug,0.85,37.50,0.43,0.63,50.00,0.31,0.59,42.86,0.30,0.29,30.00,0.14
qwen,primevul,vulgen,1.91,3.61,1.30,1.90,4.33,1.21,1.17,30.00,0.60,2.59,43.08,1.34
qwen,primevul,vgx,1.80,8.43,1.01,1.08,7.43,0.58,0.79,40.00,0.40,0.76,34.78,0.38
qwen,primevul,gvi,0.82,8.82,0.43,0.93,8.15,0.49,0.40,50.00,0.20,1.04,61.11,0.53
qwen,primevul,vulscriber,4.38,20.99,2.45,3.30,27.27,1.76,2.85,34.09,1.49,5.91,47.48,3.15
qwen,primevul,tool,6.24,8.85,4.82,6.90,19.47,4.19,5.52,38.49,2.97,6.80,45.18,3.68
qwen,megavul,noaug,18.78,20.28,17.48,14.50,50.48,8.46,15.77,43.68,9.62,17.71,49.14,10.80
qwen,megavul,vulgen,18.06,14.48,23.98,18.08,35.77,12.10,19.27,39.15,12.78,23.16,46.31,15.44
qwen,megavul,vgx,19.28,15.25,26.22,20.85,38.85,14.25,20.89,38.70,14.30,25.62,48.29,17.43
qwen,megavul,gvi,13.10,8.60,27.44,22.61,46.98,14.89,20.29,41.57,13.42,25.79,49.13,17.48
qwen,megavul,vulscriber,21.09,17.30,27.03,21.35,45.62,13.94,21.06,39.93,14.30,27.11,47.84,18.91
qwen,megavul,tool,22.26,20.19,24.81,24.10,44.00,16.59,22.41,40.11,15.55,28.64,48.12,20.39
qwen,icvul,noaug,1.89,1.46,2.69,2.92,3.20,2.69,6.03,53.13,3.20,6.67,66.67,3.51
qwen,icvul,vulgen,1.78,0.94,16.92,4.07,2.27,20.05,30.41,42.17,23.78,31.69,51.08,22.97
qwen,icvul,vgx,1.23,0.67,7.19,3.16,1.89,9.56,15.79,39.47,9.87,15.95,49.91,9.49
qwen,icvul,gvi,2.84,1.60,12.28,5.21,3.14,15.43,22.10,43.17,14.85,31.71,53.49,22.54
qwen,icvul,vulscriber,3.48,2.08,10.78,5.51,3.70,10.77,13.70,42.23,8.18,25.17,49.12,16.92
qwen,icvul,tool,4.78,2.58,32.78,6.88,3.92,27.95,34.87,44.96,28.48,40.33,52.66,32.68
qwen,titanvul,noaug,2.92,1.52,38.59,6.47,3.48,46.27,46.75,45.22,48.40,52.49,56.19,49.26
qwen,titanvul,vulgen,3.36,1.74,49.25,7.10,3.80,54.90,50.64,43.34,60.90,56.81,54.28,59.58
qwen,titanvul,vgx,2.20,1.15,27.18,4.95,2.69,31.59,39.29,41.15,37.59,42.75,54.52,35.16
qwen,titanvul,gvi,3.76,1.94,59.46,7.35,3.90,65.00,51.25,41.43,67.20,60.49,52.22,71.87
qwen,titanvul,vulscriber,2.00,1.06,18.92,5.51,3.08,26.47,35.83,42.42,31.02,38.28,54.66,29.46
qwen,titanvul,tool,5.02,2.67,42.47,9.20,5.08,48.48,56.62,42.75,83.82,60.81,52.91,71.48
llama,primevul,noaug,0.57,50.00,0.29,0.18,33.33,0.09,0.00,0.00,0.00,0.19,50.00,0.10
llama,primevul,vulgen,1.26,2.35,0.86,1.15,2.84,0.72,0.59,17.65,0.30,3.23,50.72,1.67
llama,primevul,vgx,1.47,2.71,1.01,0.99,3.13,0.58,0.59,17.65,0.30,2.06,52.38,1.05
llama,primevul,gvi,1.89,15.91,1.01,1.37,14.04,0.72,0.59,42.86,0.30,1.32,50.00,0.67
llama,primevul,vulscriber,4.18,22.54,2.30,2.32,25.00,1.22,1.92,31.25,0.99,5.43,52.63,2.87
llama,primevul,tool,7.74,18.56,4.89,2.62,17.05,1.42,2.12,28.62,1.10,2.42,51.27,1.24
llama,megavul,noaug,18.22,21.07,16.06,14.23,48.38,8.34,13.56,41.56,8.10,16.82,47.16,10.23
llama,megavul,vulgen,16.39,13.92,19.92,16.32,34.81,10.66,16.88,40.98,10.63,20.94,47.18,13.45
llama,megavul,vgx,14.66,14.12,15.24,15.82,36.51,10.10,15.37,40.32,9.49,20.79,49.29,13.17
llama,megavul,gvi,14.43,11.19,20.33,19.86,45.62,12.69,19.68,44.25,12.66,22.55,48.59,14.69
llama,megavul,vulscriber,20.79,18.35,23.98,18.95,45.32,11.98,18.49,43.06,11.77,24.40,47.28,16.45
llama,megavul,tool,21.97,23.42,20.69,24.06,42.66,16.75,24.71,42.36,17.44,27.82,47.88,19.61
llama,icvul,noaug,1.86,1.16,4.64,3.21,2.54,4.35,6.50,49.33,3.48,10.50,58.12,5.77
llama,icvul,vulgen,1.36,0.74,8.68,3.32,1.94,11.57,18.70,38.87,12.31,22.90,51.44,14.73
llama,icvul,vgx,1.27,0.70,7.04,3.01,1.80,9.20,13.37,36.71,8.18,16.37,51.03,9.75
llama,icvul,gvi,2.15,1.31,6.14,3.93,2.60,8.12,11.34,40.94,6.58,15.77,53.64,9.24
llama,icvul,vulscriber,3.36,1.98,11.08,7.34,4.89,14.67,18.45,44.29,11.65,25.88,46.72,17.89
llama,icvul,tool,3.83,2.06,27.69,6.84,3.88,28.67,32.95,42.79,26.79,38.30,52.23,30.24
llama,titanvul,noaug,3.18,1.66,37.54,6.81,3.70,42.60,41.91,43.40,40.51,49.46,54.31,45.41
llama,titanvul,vulgen,3.65,1.88,60.81,7.10,3.76,63.62,49.29,39.08,66.73,57.86,51.24,66.43
llama,titanvul,vgx,3.30,1.71,47.60,6.75,3.61,51.32,46.96,40.09,56.67,52.18,51.24,53.14
llama,titanvul,gvi,2.85,1.48,37.39,6.18,3.31,46.09,41.97,40.36,43.70,49.31,51.64,47.17
llama,titanvul,vulscriber,3.96,2.05,52.70,7.64,4.11,53.76,46.50,40.65,54.32,54.54,51.81,57.57
llama,titanvul,tool,5.00,2.64,48.52,9.16,5.02,52.09,56.84,40.45,95.57,60.78,51.77,73.59
